What is the step by step guide to invest in share market in india,1
What is the story of Kohinoor (Koh-i-Noor) Diamond,1
How can I increase the speed of my internet connection while using a VPN,1
Why am I mentally very lonely,1
Which one dissolve in water quikly sugar,1
Astrology: I am a Capricorn Sun Cap moon and cap rising...what does that say about me,1
Should I buy tiago,1
How can I be a good geologist,1
When do you use ? instead of ?,1
Motorola (company): Can I hack my Charter Motorolla DCX3400,1
Method to find separation of slits using fresnel biprism,1
How do I read and find my YouTube comments,1
What can make Physics easy to learn,1
What was your first sexual experience like,1
What are the laws to change your status from a student visa to a green card in the US,1
What would a Trump presidency mean for current international masterâ€™s students on an F1 visa,1
What does manipulation mean,1
Why do girls want to be friends with the guy they reject,1
Why are so many Quora users posting questions that are readily answered on Google,1
Which is the best digital marketing institution in banglore,1
Why do rockets look white,1
What's causing someone to be jealous,1
What are the questions should not ask on Quora,1
How much is 30 kV in HP,1
What does it mean that every time I look at the clock the numbers are the same,1
What are some tips on making it through the job interview process at Medicines,1
What is web application,1
Does society place too much importance on sports,1
What is best way to make money online,1
How should I prepare for CA final law,1
What's one thing you would like to do better,1
What are some special cares for someone with a nose that gets stuffy during the night,1
What Game of Thrones villain would be the most likely to give you mercy,1
Does the United States government still blacklist (employment,1
What is the best travel website in spain,1
Why do some people think Obama will try to take their guns away,1
I'm a 19-year-old. How can I improve my skills or what should I do to become an entrepreneur in the next few years,1
"When a girlfriend asks her boyfriend ""Why did you choose me",1
How do we prepare for UPSC,1
What is the stall speed and AOA of an f-14 with wings fully swept back,1
Why do Slavs squat,1
When can I expect my Cognizant confirmation mail,1
Can I make 50,1
Is being a good kid and not being a rebel worth it in the long run,1
What universities does Rexnord recruit new grads from,1
What is the quickest way to increase Instagram followers,1
How did Darth Vader fought Darth Maul in Star Wars Legends,1
What are the stages of breaking up between couple,1
What are some examples of products that can be make from crude oil,1
How do I make friends.,1
Is Career Launcher good for RBI Grade B preparation,1
Will a Blu Ray play on a regular DVD player,1
Nd she is always sad,1
What is the best/most memorable thing you've ever eaten and why,1
How GST affects the CAs and tax officers,1
How difficult is it get into RSI,1
Who is israil friend,1
What are some good rap songs to dance to,1
I was suddenly logged off Gmail. I can't remember my Gmail password and just realized the recovery email is no longer alive. What can I do,1
What are the best ways to learn French,1
The woman is wearing ear protection and is firing a gun at an indoor shooting range,0
A woman is wearing ear protection and is firing a gun at an indoor shooting range,0
A little boy is sticking his tongue out for the camera and another boy is looking on,0
Two young boys are looking up at the camera and one is sticking out his tongue,0
Two young girl are looking up at the camera and one is sticking out his tongue,0
A little boy is sticking his tongue out for the camera and another boy is looking on,0
A dog is running on concrete and is holding a blue ball,0
A dog is standing on concrete and is holding a blue ball,0
The small dog is walking outside and is carrying a colorful toy in its mouth,0
A dog is running on concrete and is holding a blue ball,0
A little girl and a woman wearing a yellow shirt are getting splashed by a city fountain,0
A boy is walking across a bridge,0
There is no blond child holding a yellow bottle,0
A man is climbing a rope,0
A tiger cub is roaring,0
A woman is taking two eggs out of a pot of water,0
The panda is not eating bamboo,0
Skewers are being placed onto a rack by a woman,0
A boy wearing a striped shirt is running barefoot on the sandy hill,0
A dog is playing alone on a beach covered by snow,0
A lion is slowly moving around,0
The woman is poking a potato,0
A dog is playing on the green grass,0
A man is playing a violin,0
Pedestrians and cars are moving through a traffic jam in the big city,0
A boy is standing next to the opening of a fountain,0
A seated woman is singing a song and playing the guitar,0
The girl,0
The woman is frying a breaded pork chop,0
The man is playing the drums,0
A father is pushing his daughter on a go-kart and another girl is watching,0
A man is mowing a lawn,0
A white car is being driven by the man,0
A woman is frying fish,0
A surfer is riding the wave,0
A big dog and a small white dog are playing together,0
The girl is carrying a sign and a group of people is following her,0
A woman is breaking eggs,0
A man with tattoos is lounging on a couch and is looking for a pencil,0
Three men are sitting on a hill and looking at the mountains and sky,0
Two men are fighting,0
Two people are sitting comfortably on the bench,0
A boy next to some buckets of rags is holding something,0
The man is doing a wheelie with a motorcycle on ground which is mostly barren,0
A man is not playing a guitar,0
A woman is surfing,0
A bike rider in a black and red uniform is standing on a dirt bike,0
The piano is being played by a man,0
A cat is playing with a watermelon,0
The men are packing suitcases into the trunk of a car,0
Cereal is being eaten by the man,0
A person in a black jacket is doing tricks on a motorbike,0
A large dog and a small dog are standing next to the kitchen counter and are investigating,0
A fish is being sliced by a man,0
A white and tan dog is running through the tall and green grass,0
A tiger is not walking around,0
The girl is trotting on the horse,0
A person is rinsing a steak with water,0
A man is putting garlic on some bread slices,0
A baby is sneezing and scaring another baby,0
A homeless man is holding up a sign and is begging for money,0
A girl wearing a striped shirt is running barefoot on the sandy hill,0
A child is smiling at the camera and swimming underwater,0
A young boy wearing a red swimsuit is jumping into a blue kiddies pool,0
Two children are stretching over some metal bars,0
There is no woman beating two eggs in a bowl and using a whisk made of wire,0
A child is playing with a water spout outdoors and the rest of his family is watching,0
The man is using a sledgehammer to break a concrete block that is on another person,0
